{ "dishes": [{"name": "Mac and Cheese", "desc": "A delicious dish consisting of cooked macaroni pasta and a cheese sauce, most commonly cheddar.", "category": "vegetarian", "cuisine": "American", "img": "https://dinnerthendessert.com/wp-content/uploads/2018/05/Baked-Mac-and-Cheese-2.jpg", "ingredients": "macaroni, cheese sauce, milk, butter", "price": "$3000"},
{"name": "Beef Tacos", "desc": "A traditional Mexican dish consisting of a tortilla folded around a beef filling.", "category": "Non-vegetarian", "cuisine": "Mexican", "img": "https://images.wisegeek.com/tacos-on-a-white-plate.jpg", "ingredients": "Beef, tortilla, toppings of your choise", "price": "$47"},
{"name": "Lo Mein", "desc": "A dish with egg noodles, vegetables, and meat or seafood.", "category": "Non-vegetarian", "cuisine": "Chinese", "img": "https://dinnerthendessert.com/wp-content/uploads/2018/03/Chicken-Lo-Mein-3.jpg", "ingredients": "egg noodles, vegetables, oils, meat", "price": "$6"},
{"name": "Cheeseburger", "desc": "A sandwich with our finest cooked beef patties inside a sliced bun with toppings of your choice.", "category": "Non-vegetarian", "cuisine": "American", "img": "https://www.seriouseats.com/recipes/images/2015/07/20150702-sous-vide-hamburger-anova-primary-1500x1125.jpg", "ingredients": "beef patty, bun, toppings", "price": "$0.35"}]
}
